state,count
AK,3
AL,245
AR,173
AZ,289
CA,1288
CO,211
CT,142
DC,27
DE,37
FL,907
GA,454
IA,147
ID,62
IL,663
IN,349
KS,148
KY,251
LA,240
MA,234
MD,288
ME,62
MI,545
MN,226
MO,315
MS,144
MT,48
NC,489
ND,25
NE,78
NH,54
NJ,264
NM,104
NV,144
NY,617
OH,615
OK,204
OR,164
PA,494
RI,31
SC,230
SD,30
TN,331
TX,1191
UT,116
VA,401
VT,26
WA,263
WI,299
WV,104
WY,29
